<!DOCTYPE suite SYSTEM "http://testng.org/testng-1.0.dtd" >

<suite name="RedCross_Kenya_Automation_Test_Report" verbose="1" preserve-order="true">
    <listeners>
        <listener class-name="com.automation.util.CustomReporter"/>
        <listener class-name='com.automation.listener.RootnextReporterListener'/>

    </listeners>

    <!-- test name="Nopackage" > <classes> <class name="NoPackageTest" /> </classes> </test -->

    <packages>
        <package name="com.automation.suite"/>
    </packages>


    <!--
        <test name="Emergency Alert page">
            <classes>
                <class name="com.automation.suite.TestSuite_EmergencyAlert">
                    <methods>

                        <include name="tc_POS_4596_EmergencyAlertPage"/>
                        <include name="tc_POS_4599_EmergencyAlertCreation"/>
                        <include name="tc_POS_4600_EmergencyCreationPageCancel"/>
                        <include name="tc_POS_4597_SearchEmergencyAlert"/>
                        <include name="tc_POS_4605_OverviewEmergencyAlertDetail"/>
                        <include name="tc_POS_4606_DonateFromAlertDetailPage"/>
                        <include name="tc_POS_4598_DonateFromListPage"/>
                        <include name="tc_POS_4597_SearchEmergencyAlert"/>
                        <include name="tc_POS_4604_EmergencyAlertEditWindowCancel"/>
                        <include name="tc_POS_4607_EditAlertFromDetailPage"/>
                        <include name="tc_POS_4601_EditEmergencyAlertFromList"/>
                        <include name="tc_POS_4603_EmergencyAlertDeletionWindowCancel"/>
                        <include name="tc_POS_4602_EmergencyAlertDeletion"/>

                    </methods>
                </class>
            </classes>
        </test>
-->

  <test name="GiveBlood Search ListView Create and Edit">
      <parameter name="createGiveBloodInfo" value="givebloodcreate.conf"/>
      <parameter name="editGiveBloodInfo" value="givebloodedit.conf"/>

      <classes>
          <class name="com.automation.suite.TestSuite_RCKenya_GiveBlood">
              <methods>

                  <exclude name="tc_POS_4610_OverViewGiveBloodList"/>

                  <include name="tc_POS_4611_Search"/>
                  <include name="tc_POS_4612_CreateBlood"/>
                  <include name="tc_POS_4613_CancelCreateGiveBlood"/>
                  <include name="tc_POS_4622_NavigateGBListView"/>
                  <include name="tc_POS_4621_NavigateGBCenterFromDetailsView"/>
                  <include name="tc_POS_4617_CancelEditingGBCenter"/>
                  <include name="tc_POS_4614_EditGBCenter"/>
                  <include name="tc_POS_4620_OverViewGBMapView"/>
                  <include name="tc_POS_4618_OverViewDetailViewGiveBlood"/>
                  <include name="tc_POS_4619_EditGBCenterFromDetailsView"/>
                  <include name="tc_POS_4616_CancelDeletePopUP"/>
                  <include name="tc_POS_4615_DeleteGBCenter"/>


              </methods>
          </class>
      </classes>
  </test>


    <test name="Loginas New User">
        <parameter name="newUser" value="firstuser"/>
        <classes>
            <class name="com.automation.suite.TestSuite_RCKenya_Login">
                <methods>
                    <include name="tc_POS_4964_VerifyInvalidCode"/>
                    <include name="tc_POS_4891_LoginWithoutSelectingCountryCode"/>
                    <include name="tc_POS_4960_LoginUsingVoiceCall"/>
                    <include name="tc_POS_4895_editPhoneNumber"/>
                    <include name="tc_POS_4893_absenceofPhoneNumber"/>
                    <include name="tc_POS_4624_RCRegisteredUserLogin"/>
                    <exclude name="tc_POS_3287_LoginAsNewUser"/>
                    <include name="tc_POS_5020_Logout"/>
                    <include name="tc_POS_4892_GuestUserLoginFirstTime"/>
                </methods>
            </class>
        </classes>
    </test>

</suite>